Time15Key,Hour,Minute,Time_Label,Day_Part
0,0,0,00:00,Night
1,0,15,00:15,Night
2,0,30,00:30,Night
3,0,45,00:45,Night
4,1,0,01:00,Night
5,1,15,01:15,Night
6,1,30,01:30,Night
7,1,45,01:45,Night
8,2,0,02:00,Night
9,2,15,02:15,Night
10,2,30,02:30,Night
11,2,45,02:45,Night
12,3,0,03:00,Night
13,3,15,03:15,Night
14,3,30,03:30,Night
15,3,45,03:45,Night
16,4,0,04:00,Night
17,4,15,04:15,Night
18,4,30,04:30,Night
19,4,45,04:45,Night
20,5,0,05:00,AM Peak
21,5,15,05:15,AM Peak
22,5,30,05:30,AM Peak
23,5,45,05:45,AM Peak
24,6,0,06:00,AM Peak
25,6,15,06:15,AM Peak
26,6,30,06:30,AM Peak
27,6,45,06:45,AM Peak
28,7,0,07:00,AM Peak
29,7,15,07:15,AM Peak
30,7,30,07:30,AM Peak
31,7,45,07:45,AM Peak
32,8,0,08:00,AM Peak
33,8,15,08:15,AM Peak
34,8,30,08:30,AM Peak
35,8,45,08:45,AM Peak
36,9,0,09:00,AM Peak
37,9,15,09:15,AM Peak
38,9,30,09:30,AM Peak
39,9,45,09:45,AM Peak
40,10,0,10:00,Midday
41,10,15,10:15,Midday
42,10,30,10:30,Midday
43,10,45,10:45,Midday
44,11,0,11:00,Midday
45,11,15,11:15,Midday
46,11,30,11:30,Midday
47,11,45,11:45,Midday
48,12,0,12:00,Midday
49,12,15,12:15,Midday
50,12,30,12:30,Midday
51,12,45,12:45,Midday
52,13,0,13:00,Midday
53,13,15,13:15,Midday
54,13,30,13:30,Midday
55,13,45,13:45,Midday
56,14,0,14:00,Midday
57,14,15,14:15,Midday
58,14,30,14:30,Midday
59,14,45,14:45,Midday
60,15,0,15:00,PM Peak
61,15,15,15:15,PM Peak
62,15,30,15:30,PM Peak
63,15,45,15:45,PM Peak
64,16,0,16:00,PM Peak
65,16,15,16:15,PM Peak
66,16,30,16:30,PM Peak
67,16,45,16:45,PM Peak
68,17,0,17:00,PM Peak
69,17,15,17:15,PM Peak
70,17,30,17:30,PM Peak
71,17,45,17:45,PM Peak
72,18,0,18:00,PM Peak
73,18,15,18:15,PM Peak
74,18,30,18:30,PM Peak
75,18,45,18:45,PM Peak
76,19,0,19:00,PM Peak
77,19,15,19:15,PM Peak
78,19,30,19:30,PM Peak
79,19,45,19:45,PM Peak
80,20,0,20:00,Evening
81,20,15,20:15,Evening
82,20,30,20:30,Evening
83,20,45,20:45,Evening
84,21,0,21:00,Evening
85,21,15,21:15,Evening
86,21,30,21:30,Evening
87,21,45,21:45,Evening
88,22,0,22:00,Evening
89,22,15,22:15,Evening
90,22,30,22:30,Evening
91,22,45,22:45,Evening
92,23,0,23:00,Evening
93,23,15,23:15,Evening
94,23,30,23:30,Evening
95,23,45,23:45,Evening
