DateKey,Date,Year,Month,MonthName,Day,DayOfWeekNum,DayName,DayType,PoC_Week,IsActualPeriod,IsForecastPeriod,Event_Name
20260105,2026-01-05,2026,1,Jan,5,1,Mon,Weekday,1,True,False,
20260106,2026-01-06,2026,1,Jan,6,2,Tue,Weekday,1,True,False,
20260107,2026-01-07,2026,1,Jan,7,3,Wed,Weekday,1,True,False,
20260108,2026-01-08,2026,1,Jan,8,4,Thu,Weekday,1,True,False,
20260109,2026-01-09,2026,1,Jan,9,5,Fri,Weekday,1,True,False,
20260110,2026-01-10,2026,1,Jan,10,6,Sat,Weekend,1,True,False,
20260111,2026-01-11,2026,1,Jan,11,7,Sun,Weekend,1,True,False,
20260112,2026-01-12,2026,1,Jan,12,1,Mon,Weekday,2,True,False,
20260113,2026-01-13,2026,1,Jan,13,2,Tue,Weekday,2,True,False,
20260114,2026-01-14,2026,1,Jan,14,3,Wed,Weekday,2,True,False,
20260115,2026-01-15,2026,1,Jan,15,4,Thu,Weekday,2,True,False,
20260116,2026-01-16,2026,1,Jan,16,5,Fri,Weekday,2,True,False,
20260117,2026-01-17,2026,1,Jan,17,6,Sat,Weekend,2,True,False,
20260118,2026-01-18,2026,1,Jan,18,7,Sun,Weekend,2,True,False,
20260119,2026-01-19,2026,1,Jan,19,1,Mon,Weekday,3,True,False,
20260120,2026-01-20,2026,1,Jan,20,2,Tue,Weekday,3,True,False,
20260121,2026-01-21,2026,1,Jan,21,3,Wed,Weekday,3,True,False,
20260122,2026-01-22,2026,1,Jan,22,4,Thu,Weekday,3,True,False,
20260123,2026-01-23,2026,1,Jan,23,5,Fri,Weekday,3,True,False,
20260124,2026-01-24,2026,1,Jan,24,6,Sat,Weekend,3,True,False,
20260125,2026-01-25,2026,1,Jan,25,7,Sun,Weekend,3,True,False,
20260126,2026-01-26,2026,1,Jan,26,1,Mon,Weekday,4,True,False,
20260127,2026-01-27,2026,1,Jan,27,2,Tue,Weekday,4,True,False,
20260128,2026-01-28,2026,1,Jan,28,3,Wed,Weekday,4,True,False,
20260129,2026-01-29,2026,1,Jan,29,4,Thu,Weekday,4,True,False,
20260130,2026-01-30,2026,1,Jan,30,5,Fri,Weekday,4,True,False,Pre-holiday surge
20260131,2026-01-31,2026,1,Jan,31,6,Sat,Weekend,4,True,False,
20260201,2026-02-01,2026,2,Feb,1,7,Sun,Weekend,4,True,False,
20260202,2026-02-02,2026,2,Feb,2,1,Mon,Weekday,5,True,False,
20260203,2026-02-03,2026,2,Feb,3,2,Tue,Weekday,5,True,False,
20260204,2026-02-04,2026,2,Feb,4,3,Wed,Weekday,5,True,False,
20260205,2026-02-05,2026,2,Feb,5,4,Thu,Weekday,5,True,False,
20260206,2026-02-06,2026,2,Feb,6,5,Fri,Weekday,5,True,False,
20260207,2026-02-07,2026,2,Feb,7,6,Sat,Weekend,5,True,False,
20260208,2026-02-08,2026,2,Feb,8,7,Sun,Weekend,5,True,False,
20260209,2026-02-09,2026,2,Feb,9,1,Mon,Weekday,6,True,True,
20260210,2026-02-10,2026,2,Feb,10,2,Tue,Weekday,6,True,True,
20260211,2026-02-11,2026,2,Feb,11,3,Wed,Weekday,6,True,True,
20260212,2026-02-12,2026,2,Feb,12,4,Thu,Weekday,6,True,True,Storm disruption
20260213,2026-02-13,2026,2,Feb,13,5,Fri,Weekday,6,True,True,
20260214,2026-02-14,2026,2,Feb,14,6,Sat,Weekend,6,True,True,
20260215,2026-02-15,2026,2,Feb,15,7,Sun,Weekend,6,True,True,
20260216,2026-02-16,2026,2,Feb,16,1,Mon,Weekday,7,False,True,
20260217,2026-02-17,2026,2,Feb,17,2,Tue,Weekday,7,False,True,
20260218,2026-02-18,2026,2,Feb,18,3,Wed,Weekday,7,False,True,Planned maintenance
20260219,2026-02-19,2026,2,Feb,19,4,Thu,Weekday,7,False,True,
20260220,2026-02-20,2026,2,Feb,20,5,Fri,Weekday,7,False,True,
20260221,2026-02-21,2026,2,Feb,21,6,Sat,Weekend,7,False,True,
20260222,2026-02-22,2026,2,Feb,22,7,Sun,Weekend,7,False,True,
